Gene_Symbol,NOD 1,NOD 2,NOD 3,NOD 4,NOD 5,NOD 6
Npy,1.3677049,1.0065601,1.1269608,0.9934398,0.7930665,1.21705
1110007C05Rik,1.0036864,1.3564552,1.460791,0.78654283,1.2579073,0.9963136
Cap1,1.1935854,0.95596224,0.91063845,1.1388074,1.0440378,1.6714433
Glrx,1.0196719,1.1119013,0.9803279,0.8687112,1.2605511,1.0871239
Mest,1.3783805,1.0608752,0.9353703,1.0176929,0.98230714,1.5782247
St6galnac2,0.8633446,1.1273535,1.1473355,0.90966105,1.3834804,1.0903388
Serpinb6a,1.0271925,0.98424095,1.1398511,1.015759,0.6434572,1.1135103
Adk,0.97463703,1.0441055,1.0253631,0.7444958,1.3584496,1.0663525
Klra16,1.0315597,0.96844023,0.8358456,1.1214793,1.782307,1.6742966
H2-K1,1.1450248,0.83449066,1.0246283,1.3215094,1.0097314,0.9902685
Mest,1.0783211,1.0331266,0.8692942,1.0176756,0.9823244,1.2937441
2310067E08Rik,0.90013266,1.1027484,1.0998672,0.8575352,1.8158735,1.305764
CRG-L1,0.9808224,1.1863625,1.1040639,1.0086247,0.9913753,1.1781366
Bcl11b,0.96278423,1.0372158,0.89254224,1.3665345,1.2603108,1.6185938
Aqp1,1.0375714,1.0174665,1.0092027,0.6505983,1.021081,0.9907972
Hist1h3e,0.94676846,1.281457,1.320496,0.836706,1.3556005,1.0532316
Hist1h1c,1.0499215,1.1247573,1.169111,0.8279186,1.2754177,0.9500785
Ank,0.95501846,1.1241465,1.1618834,0.80666196,1.247787,1.0449815
Sgk,0.9839485,1.0160513,0.7950509,1.1656529,1.3911883,1.4704432
Slc39a4,1.0960028,1.3150468,1.2632518,0.87266326,0.9039971,1.120989
Nipa1,1.0057682,1.207447,0.99423194,0.67621577,1.6800282,1.0086633
Pdlim4,0.9756966,0.98541266,1.0145873,1.0851005,1.3843119,1.5101244
Supt3h,0.88023484,1.1197653,1.2267191,0.8717332,1.3405141,1.126487
LOC233899,0.97843987,1.2107304,1.1065539,0.7195756,1.3438574,1.0215601
BC034054,0.9296955,1.3467642,1.0703044,0.8592968,1.2724462,1.3285015
2410004N11Rik,0.96125835,1.2426758,1.0112164,0.9887836,1.9102782,1.1991817
Ly6g6c,1.0455523,1.1405355,1.3029723,0.7792915,0.9544476,1.231826
Odc1,0.9856058,1.0494418,1.0143942,0.71351206,1.0776329,1.0250766
2400003N08Rik,0.9581228,1.1787308,1.1372135,0.8340066,1.3497136,1.0418774
Tspan17,1.0369439,1.0944235,1.2132633,0.86233777,1.0683901,0.963056
Hist1h4i,1.0324632,1.0117413,1.2346947,0.8600608,0.9882587,1.0756578
Hist1h3d,0.9902708,1.2566587,1.3573341,0.8180964,1.3170825,1.0097291
St7,1.1770271,0.98813176,1.0118684,1.0640614,0.9013292,1.0458524
Hist1h3a,0.9612097,1.0387902,1.2617077,0.7808074,1.2840104,1.0402076
Carhsp1,1.0568184,1.2582544,0.9431815,0.6975537,1.3971545,1.0851998
Hist1h4f,1.0993574,1.1150644,1.2725928,0.8077203,0.9794909,1.0205092
Igfbp4,1.0365912,0.96340877,0.9129805,1.3088945,1.129485,1.6342585
Ogfrl1,1.1995342,1.1587968,1.1439414,0.77731097,1.0756183,0.92438173
Ranbp10,1.0323428,1.1288364,0.96765715,0.94029784,1.4946077,1.250284
Rb1,0.9591338,1.1292983,1.0269336,0.97306657,1.7012203,1.3596065
Nsg2,1.2981682,0.96239084,1.0376091,1.2692904,0.9055946,1.3602631
Psmf1,0.93114555,1.1742175,1.1085076,0.73914814,1.2251412,1.0688543
Hist1h2bg,0.8868089,1.0702145,1.1941886,0.9625908,1.0374092,1.038105
Cd6,1.022052,0.9540115,0.977948,1.2770321,1.1235355,1.4826146
Birc2,1.0773107,1.0189761,0.90010756,1.0325228,0.98102385,1.3213241
Hebp1,1.4514117,1.0411935,1.2211635,0.7557994,1.1563952,0.9588066
BC005537,1.039411,1.1586397,0.8916266,0.9605891,1.3774769,1.1235989
Mustn1,1.1567444,1.061027,1.2569387,1.0169423,0.8822841,0.9830577
Mest,1.1200321,0.9984485,1.0015515,1.0723834,0.9913684,1.0892861
2410004N11Rik,0.9962718,1.1462196,1.027562,0.9285285,1.3067174,1.0037282
Litaf,1.1231625,0.98887,1.1027391,0.83980596,1.0111301,1.1264467
Ubadc1,0.94941163,1.2393506,1.1687646,0.7928344,1.4104065,1.0505883
Cd6,1.027039,0.9099833,0.97296095,1.2064161,1.1072967,1.5459453
9530090G24Rik,1.053629,0.9632493,0.8646727,1.0367508,1.2910275,1.3267002
Aqp1,1.3332455,1.0784239,1.294684,0.8031795,0.92157626,1.3041137
Ryk,0.95600724,1.1770862,1.2278665,0.80530083,1.1092046,1.0439928
Atp1b3,0.95595074,1.0150292,0.9849706,1.1878822,1.0173837,1.3870759
Faah,0.8407968,0.9339889,1.094297,1.0660111,1.293842,1.2918545
H2-T10,1.1584713,0.88123846,1.0667826,1.2550409,0.93321735,1.1169788
Cd8b,1.2047384,0.93789893,1.0621011,1.2850268,0.9081934,1.120507
Bag1,0.9710549,1.2006131,1.1951395,0.8512759,1.2555392,1.0289451
Rnf14,0.9486734,1.0851452,1.0428835,0.95711654,1.4855436,1.2312007
Rps6ka1,1.115819,0.9000405,0.8951666,1.0999595,1.2687992,1.4801886
Ankrd35,1.0959772,0.94670755,1.1990534,1.0532926,0.9400069,1.2611445
Cd6,0.9913285,0.85577977,1.0086716,1.2072204,1.1991346,1.2300674
Ap1b1,0.99375236,1.0062476,0.9359841,1.1526353,1.2662826,1.3837476
Birc2,1.1717045,1.0141286,0.9858714,1.0892,0.93595004,1.2977445
Maged2,1.1025895,1.0523498,1.0332437,0.9667563,0.75774366,1.1723353
Rragd,1.0250788,1.0622741,0.97492117,0.92417526,1.198892,1.0415542
1700011I11Rik,0.94442475,1.0744042,0.99332917,1.0168649,1.3139318,1.0066708
Rb1,0.98567843,1.0143216,0.96843016,1.1101738,1.4098487,1.3620211
Pcmt1,0.95834166,1.1293116,1.0416584,0.9266942,1.0970706,1.2065307
AI415330,1.1837708,0.8428609,0.89275557,1.1072445,1.1521268,1.2206941
Cd84,1.0612392,1.0468167,1.0125178,0.9874822,0.94993174,1.2144947
4930504E06Rik,0.95879745,1.0412025,1.0657616,0.90530944,1.074039,1.2385781
Klhdc2,0.98984075,0.9544656,1.0265154,1.0101591,1.1738921,1.4146364
Pde6h,1.1664262,0.93219084,1.0678091,1.0907227,0.92688525,1.1266971
Rhoj,1.0359683,1.140293,1.1202189,0.849896,0.9640316,1.29755
4933427L07Rik,0.94822013,1.0745598,1.0002173,0.9997826,1.1206837,1.074355
Phtf2,0.967414,0.97009933,1.0299008,1.0596285,1.168029,1.2307656
Ogdh,1.1785207,1.0798529,0.95635873,0.7893013,1.0436413,1.1597333
A230051G13Rik,0.98050207,1.0856923,1.0194979,0.8864332,1.3057544,1.1296462
D15Ertd781e,0.9296812,1.0379648,0.9620352,1.0461555,1.0602313,1.3230423
Ghitm,1.027504,0.9954766,1.0045234,0.9044265,1.3460886,1.0752594
Klf1,0.98458284,1.0154171,1.1752132,0.869486,1.3329448,1.0897005
Sh3bgrl2,1.0107629,1.0933704,0.93620646,1.0670556,0.9892371,1.4372408
Glg1,0.98860157,1.0176404,1.0113984,0.9008051,1.091332,1.0953525
Fech,1.073349,1.2799127,1.2234503,0.87222326,1.1380569,0.926651
Faf1,0.95482594,1.0329634,1.0294012,0.9705988,1.2124485,1.2262837
6430559E15Rik,1.1390245,0.88302267,1.0272182,1.1158092,0.9727818,1.1670927
Tegt,0.8589628,0.97174233,1.2047027,1.049472,1.0282577,1.1539392
Eif5,1.0972701,1.1644338,1.0521626,0.93532026,1.2717729,0.9478373
Fhl1,1.0194201,1.0986553,0.9805799,1.0368897,0.9328764,1.1633155
P2rx1,0.9976823,1.22051,1.1128393,1.0023177,0.96457773,1.2127
Gapvd1,0.98960006,1.2561913,1.0065459,0.9934541,1.305739,1.0421945
Pttg1ip,1.0449717,1.1626735,1.1106586,0.9550284,0.9217925,1.0675709
Piga,0.94029635,1.0098836,1.0260888,0.9901163,1.1468414,1.238693
Mmd,1.0253035,1.0146096,0.90235746,1.0109072,0.9890928,1.0595527
Nfs1,0.9316756,1.0024401,1.104016,0.9975599,1.3432146,1.1009098
Gpr83,1.0042943,0.9463486,0.99570554,1.1090109,1.1932695,1.2741362
Pdpk1,1.0845865,1.2662921,1.0171226,0.9828773,1.0943403,0.93462855
Cyp2b20,0.9562641,1.10274,1.1924317,0.92678833,1.0437359,1.0475155
Slc2a3,1.0728896,1.0078355,0.9921645,0.93729603,1.0749863,1.3838493
Zranb3,0.9815682,1.146796,0.9940563,1.0059435,1.069213,1.0316421
Cnnm2,0.93699765,1.0630023,1.0677199,0.87268686,1.1830175,1.1804614
Atp2a3,1.0426146,1.0388889,0.96111107,1.0648042,0.9327842,1.2651986
Bcas3,0.99343055,1.0065694,1.0119243,0.9306575,1.0700479,1.1745236
Rnpepl1,0.9563581,0.9727711,1.1075401,1.027229,1.0389954,1.3059065
Trib3,0.9396715,0.98849875,1.0115012,1.1519431,1.0890789,1.0801517
Faah,0.96596855,0.8531214,1.1180108,1.0340313,1.1999894,1.1827041
Apg12l,0.9441257,1.1159918,1.0161808,0.9838192,1.3006027,1.219731
Aldh2,1.1200773,0.9952854,1.0392466,0.9651124,1.0047147,1.2420412
Hspb6,0.97118044,1.064013,1.2997783,0.8976818,1.0742202,1.0288196
Ptp4a2,0.9370927,0.98650926,1.0134909,1.0875009,1.1877013,1.2195042
Lamp2,1.120342,1.0043162,1.1524143,1.0306894,0.91815084,0.9956839
Usp4,1.0052273,0.99477273,0.92594296,1.0184324,1.1658944,1.1378263
Tnfrsf14,1.0023881,0.99761194,1.0098379,1.0298736,1.0305458,0.9366347
Xkh,0.9289573,1.1061939,1.1259787,0.9689595,1.208497,1.0310404
Hist1h2bn,1.0059329,1.0094312,1.1281682,0.83081347,0.994067,1.049795
Mic2l1,1.0037293,1.2135434,1.1183553,0.92082626,0.9962707,1.0453886
Sgne1,1.0255808,0.89642173,0.9744193,1.099631,1.135322,1.1962636
Phgdhl1,1.0001149,0.92491007,0.9998851,1.1651062,1.2067962,1.2195026
Gfer,0.9895329,0.8609265,1.0888193,1.0700095,1.0104672,1.1776865
Loh11cr2a,0.94234043,0.9944852,1.0286905,1.0055147,1.2005447,1.2253313
Lim2,1.1098453,0.8698086,1.1697145,0.99725133,1.0027487,1.0440013
2900073G15Rik,1.0147398,0.9311226,1.109518,0.9852602,1.1195271,1.1835854
Ptp4a2,0.9632703,0.99201155,1.0079886,1.1995943,1.1550868,1.2572232
Sytl1,0.9239834,0.9385848,1.0614153,1.0912043,1.1604255,1.2085779
Laptm5,0.9344925,0.98116523,1.0188348,1.0328476,1.0750235,1.2081431
Pcmt1,0.9753438,1.0129886,1.0615083,1.0024551,1.2773331,0.99754494
D14Ertd226e,0.909182,1.0048251,1.057083,0.99517477,1.0732635,1.2520134
Hist1h2be,1.0930334,1.1376914,0.98611,0.95094895,1.0138899,1.2881795
0610039N19Rik,0.99445087,0.95636976,1.0403864,1.0055492,1.07143,1.1844559
Cpne4,1.0189347,0.920764,0.9810653,1.1596097,1.1708096,1.1320636
Paox,1.0290207,0.9170102,1.160824,1.0054594,0.99454063,1.1822388
Gprk5,0.9761076,1.0515367,1.0238924,0.9408169,1.0542748,1.2716315
Cd28,1.0470433,0.9806242,1.1856958,1.0039676,0.99603236,1.0285863
Mtmr1,1.0438359,0.9763558,0.8786456,1.1562651,1.0236442,1.1161867
Ndufb10,1.0702536,0.9504259,0.9712792,1.0287209,1.1329883,1.15609
Cd28,1.0289352,0.9309422,1.0792719,1.0404843,0.9710646,1.1412438
Ctse,1.0486163,0.9872761,1.1464663,0.94432294,1.0127238,1.1523426
Ryk,1.0016865,1.1270152,1.0466931,0.93971133,0.9983136,1.1398224
Itih4,1.0240275,1.0244646,1.1243874,0.9759725,0.9576572,1.1355213
Arrb1,1.0352378,1.0324389,0.9160834,0.96756107,1.1018444,1.1335331
Ptp4a2,1.1722482,1.0635809,1.0366852,0.92554164,0.9977736,1.0022266
Csnk1g2,1.0415767,0.960791,0.9564058,1.0392089,1.1454171,1.0812231
Fbxo2,1.0376774,1.115836,1.1370553,0.9323673,0.96232253,1.1052438
Tgfb1i1,1.0384258,1.0491453,1.133466,0.9813595,0.93332535,1.0186405
Pdpk1,1.0708542,1.0325719,1.1016788,0.954143,1.0864432,0.96742797
Brd2,1.1455203,1.0277592,0.9999773,1.0000228,1.1312206,0.98336095
Mustn1,0.9778775,1.0221224,1.0460045,1.0448673,0.97384375,1.0509373
Mxd4,1.0892559,1.0001495,1.149317,1.1307123,0.95479196,0.9998505
C030046M14Rik,1.0032167,0.9846326,0.9967832,1.0553464,1.0747529,1.0888963
Qprt,1.1305852,0.91365063,0.9988793,1.0279077,1.0011207,1.054085
Pi4k2b,0.9735489,0.9835448,1.156505,1.0164552,1.0932686,1.0989985
Hba-a1,1.0632966,1.0896164,1.008467,0.9354476,1.0404195,0.99153304
Farsla,1.1475455,0.9710871,1.0289128,0.94320005,1.1051058,1.0436224
BC054438,0.9768076,1.0614924,1.0593402,0.9837163,1.112663,1.0162838
Gpx1,1.0418278,1.0588524,1.0497652,0.95817226,1.0535831,0.94723254
Rhot2,1.0034082,0.9949793,1.0075359,0.9965916,1.0582074,1.0622848
Rbl2,0.9854003,1.0609514,1.048465,1.0145998,1.0619903,0.94763875
Aldh5a1,1.0260537,0.94838697,1.0420747,1.0506772,0.9739463,1.0325773
Mrps10,1.0765616,0.9225666,1.0400186,0.98824555,1.034645,1.0117544
Tesp1,1.1012819,1.0222578,1.0222735,0.9701114,1.009749,0.9902509
Zfp30,1.0320494,0.959085,0.98678225,1.0132179,1.0133024,1.0839298
E130016E03Rik,1.0044355,1.0306082,1.01221,0.99996215,0.9235649,1.0000379
Scp2,1.0336881,0.99670637,1.0102127,1.0032936,0.98906195,1.0088174
Klhdc1,1.0213714,0.9613691,0.97862864,1.0314498,1.0347655,1.1269057
Tuba8,1.0757695,1.0004714,1.0616112,0.99952865,0.9919795,1.0215746
Ap3m1,1.0027777,1.0233554,0.9579223,0.99722236,1.0695215,1.0923557
Il7r,1.0930355,1.0656843,1.0649338,0.97399515,1.01458,0.98542
Cbr3,1.047402,0.9939589,1.0313851,0.9760659,1.006041,1.048292
Zfp69,0.97433,1.0413418,0.9368325,1.02567,1.0371287,1.0946512
4931408C20Rik,1.1124953,1.0396796,1.017391,0.9813008,0.98260915,1.0831658
St7,1.017788,1.0688763,0.98221195,0.9738486,1.0511525,1.097441
Egln3,0.96513957,1.0935318,1.0592077,0.99766266,1.0023373,1.0984513
Agpt,1.008575,1.0903732,1.0106657,1.0344107,0.97192895,0.99142504
Rpl41,1.107686,1.0144566,1.0279577,0.9645748,1.0375515,0.98554325
Prickle1,1.0161599,0.98384017,0.9446656,1.0360041,1.0925937,1.0500005
4930455C21Rik,1.0185962,0.95319754,1.0480496,0.98207957,1.0179203,1.0869642
4732437J24Rik,0.9925772,0.9670861,1.0074227,1.0703467,1.0329279,1.1066763
Clra,1.0007622,1.0279688,0.99923795,0.98174715,1.0510787,1.0065863
Lcmt1,1.0035388,0.97915024,0.99646115,1.0130702,1.0609677,1.0910033
Gnb4,1.0064737,1.0345685,0.9935264,0.97427803,1.1124195,1.0370966
LOC217066,1.0540093,0.9837166,1.06381,0.9999086,1.0000916,1.0118489
Ndrg2,1.0828633,1.0028203,0.97693986,0.99894583,1.0010542,1.025825
Tuft1,1.0057802,0.9942056,1.0056047,0.99439526,1.0800041,1.0317845
Clm3,1.0840834,1.0127877,1.0691655,0.9851691,0.98721236,1.0262656
Trib3,0.9761519,1.0162965,0.98370343,1.0455678,1.0648726,1.0196815
Ascc2,0.9918741,1.0049981,0.9950018,1.0451587,1.0305395,1.0802157
1700127F16Rik,0.98698705,1.036278,1.0355666,0.9839188,1.0252497,1.013013
2810453L12Rik,1.0617058,0.9814022,1.0227538,0.99273914,1.0072609,1.0177468
Nfs1,0.98332757,1.030226,1.0204078,0.95508265,1.0166724,1.0362206
Prom2,1.0375144,1.0265365,0.95746183,1.016673,0.9992477,1.0007522
Reck,0.97764623,0.9960821,1.0039179,1.0444661,1.0153676,1.0529195
Laptm4b,0.98682845,1.0172682,1.0373515,1.0035493,1.0440707,0.9964507
Tm4sf12,0.9911002,1.047951,0.9993093,1.0006907,1.0087291,1.0090625
Trib3,1.018963,1.0026733,1.0070086,0.996415,1.0040783,0.9973268
Piga,1.0005362,0.9793085,1.0361117,1.0461687,1.0046142,0.99946374
Chek2,1.0427716,1.0302151,0.9889778,1.0129095,0.9817079,1.0110222
Ntrk3,1.0241828,0.99757,0.99295026,1.00243,1.017452,1.0469424
Usp2,0.9994788,0.9980991,1.013336,1.0013415,1.0477844,1.0005211
Bmp5,1.0392277,0.9851212,1.0322256,1.0246642,0.99248844,1.0075117
Slc6a1,1.0502523,0.9799595,1.0151808,1.0179663,1.0027572,0.99724275
Lrpprc,1.003,0.9938733,1.027389,1.054651,1.035152,0.9969999
Bai2,1.0182176,0.9969297,1.0138671,1.0065373,1.0030702,0.971403
BC024955,1.0418397,1.0001426,1.0196335,0.96982306,0.9998574,1.0185981
Cacna2d3,1.0375253,1.026121,1.010067,0.99288887,1.0071112,0.98894197
Cd6,1.0137005,1.0299301,0.99985224,1.0126668,1.0001477,0.996855
Ptpns1,1.0258744,0.9926923,0.99960536,1.0421542,1.0003946,1.0332094
Ica1,1.032757,0.99508244,1.0049176,0.99299157,1.0335219,1.0251553
Gm1805,1.0345869,1.0037053,1.0133554,0.9962949,1.0093061,0.98600984
Nupl1,0.9970269,1.003414,1.0019011,1.026641,1.01071,0.9980989
Mgat5,0.99912643,1.0008736,1.0039114,1.017237,0.9882635,1.0121021
2310047I15Rik,1.0024577,1.0145253,0.99754226,1.0107833,0.99373496,1.0046066
Sfmbt1,1,1.0001731,0.9704265,0.9841172,0.9934282,1
Alg8,0.98177755,0.99826807,0.98928994,1.0017318,1.0081646,0.9927964
Aatf,1.0146432,0.9873105,0.9760939,0.98064744,0.98742527,1.0125747
4930431B11Rik,1.0030524,0.9969476,1.0056412,0.9845979,0.9813626,0.9824269
Eif2c3,1.0031394,0.97753716,0.9851394,0.9968605,0.9805595,1.0117224
Des,0.997173,0.99736005,0.98947495,1.0055437,0.97649914,1.00264
2310037I24Rik,0.9893245,1.0106753,1.0160773,0.9889644,0.9730054,0.9816383
Pabpc4,0.9932961,1.0216112,1.0067039,0.9805912,0.9889443,0.9768689
Tbx6,1.0140871,0.96836275,0.97316825,0.9990545,0.98022443,1.0009456
A530090P03Rik,0.9892923,1.0037886,0.9934197,0.98308015,0.99621135,1.0350158
4930579J09Rik,1.0017099,0.9684629,0.9668732,0.99829006,1.0141348,0.98707813
Apbb1,0.99365044,1.0217619,0.9952107,1.0047895,0.9746967,0.96750176
Ifng,1.0121268,0.9830341,0.97200954,0.98970324,1.0054753,0.9945247
Appbp1,0.9981087,1.0018911,1.0151088,0.9785724,0.9665522,0.984479
2610510B01Rik,1.0296665,1.0039396,0.9960604,0.9710124,0.98534185,0.97073317
Nsun5,1.0027075,0.99729246,0.97403586,0.9888812,1.0353267,0.9888402
Cd200,1.0064573,0.9652846,1.004137,0.98548305,0.97142655,0.9958631
9830160G03Rik,0.98576367,0.99831855,0.9929629,1.0060614,0.98380345,1.0016814
Ttll1,0.97774154,1.0236205,0.98118526,0.9667278,0.9743017,1.0188148
Lims1,0.98911226,1.0194281,0.973264,0.99172777,0.9950074,1.0049925
2610109H07Rik,1.0015253,1.0062248,0.9984747,0.98994195,0.9881287,0.9512203
9130023D20Rik,1.0394974,0.9957398,0.9886431,0.98591113,0.9729504,1.0042602
1810030N24Rik,1.0004919,1.0082633,0.99465346,0.99395543,0.98023456,0.9995081
Oazin,1.0075072,0.9917298,0.9503288,1.0135614,0.9924929,0.9842734
Rgs1,0.98508966,1.0026525,0.9857076,1.0048435,0.96090335,0.9973476
Lcp2,0.9776244,0.9827188,0.95780164,1.0105761,1.0041023,0.9958977
Afmid,1.005221,1.0254178,0.99477893,0.9550099,0.9640859,0.9649756
D14Ertd231e,0.95336396,0.96316713,0.9849406,0.9991228,1.0008771,1.0155181
Skb1,1.030306,1.0010387,0.97765106,0.97659075,0.9989615,0.96147543
H2-Q5,1.033749,0.9962442,0.98043966,1.0037558,0.9764681,0.95982724
As3mt,0.99896157,1.005211,0.96515614,0.9637518,0.95732224,1.0010384
Ppox,0.9704624,0.9851738,1.014784,0.99799484,0.9776633,1.002005
Flt3l,1.0197405,0.9615991,0.96202356,0.9933979,0.9688629,1.006602
Bpnt1,0.9553512,0.9946624,1.0074024,0.9782595,1.0053376,0.93504727
Mtmr4,0.97299194,0.9593297,1.0269233,1.0043116,0.9734599,0.9956885
Arch,1.0194525,1.0055361,0.9767021,0.9890078,0.99446386,0.9768795
Rrm2,0.98391706,1.0273484,0.9759842,0.98896116,1.0108325,0.98916745
4632428M11Rik,0.9957979,0.9566172,0.99844366,1.0015562,0.9828576,1.0129669
1500003O22Rik,0.9711029,0.97374535,1.0081674,1.0097834,0.99183255,0.9426748
BC013667,0.99454236,1.0158362,1.0009828,0.9863625,0.9846722,0.99901724
Trim44,0.9783371,0.99967957,1.0003204,0.9913413,0.99625814,1.0060459
Timm44,1.0057566,0.950008,0.95144784,1.0147548,0.94195944,0.9942435
Palld,0.9637333,1.0377811,0.98614115,0.9665298,0.97525126,1.0138588
2310050B20Rik,1.0205314,0.96358234,1.0032825,0.99314433,0.9967175,0.9951541
Wars,0.989773,0.98958063,1.0339565,1.0102271,0.95975995,0.9671379
Fmo5,0.99835616,0.9894392,0.9414228,1.0124651,0.9406268,1.0016439
Csrp3,0.99843097,0.96307313,0.98989004,1.0061203,1.0004851,0.999515
Rftn2,0.9362691,1.0046903,0.97807324,0.99530977,0.98308396,1.0301093
Sgk3,1.0025396,0.9974605,1.044025,0.99649346,0.9890745,0.98523456
Mrgpre,1.0122442,0.98883504,0.93254834,0.96285665,0.9605654,1.011165
1200015F23Rik,0.95156544,0.9798513,0.9855576,1.0144424,0.9811579,1.0154841
BC011248,1.0039409,0.99605906,0.9345512,0.99256295,1.0129429,0.9704413
Man2a2,1.0054449,0.99414366,0.99171907,0.9740163,0.994555,1.0280755
Siat7d,0.9961777,0.9999846,0.99715114,1.0528247,1.0000154,0.9752715
Upb1,1.0041131,1.0016824,0.98175853,0.99831766,0.95906836,0.98737776
2010003J03Rik,0.96247673,0.93910784,0.9634534,0.99320835,1.0067916,1.0186356
Khk,0.9916084,0.99131197,1.0271168,0.9989441,1.001056,0.97270256
4633402N23Rik,0.97186583,1.0138037,0.9733207,0.98619634,0.9686101,1.043311
4930550C14Rik,1.006099,0.98388094,1.0034648,0.9965352,0.9834868,0.97173923
Gstp1,0.9554127,0.991514,1.008486,0.97624767,1.0159127,0.9774522
Kif3a,0.9424543,1.0391359,0.98083544,0.9611023,1.0191644,0.9758352
Whrn,1.0093896,0.96501756,0.98552066,1.0682675,0.9631122,0.9906103
Zfp82,1.0027522,0.99724776,0.94141763,0.9913232,1.0042121,0.9835075
Rassf4,1.0020328,0.9979673,1.0086622,0.95904416,0.989309,0.9773166
2510038A11Rik,1.0102944,0.9558636,1.0390129,0.9897055,0.9654397,0.95158
Eps8l1,1.0471324,1.0010676,0.9989323,0.9608749,0.9527323,0.96907145
Serpinb2,0.9877386,1.0122613,0.98488665,0.95077586,0.9734597,1.0123762
Sdcbp2,1.0167449,0.95744145,1.0089413,0.94250506,0.990925,0.9910587
Senp7,0.98878634,0.9989661,1.0213022,0.96360093,0.9944552,1.0010339
Ociad2,0.99357533,1.0064247,1.0171683,0.93171096,0.97914934,0.98222023
2210412K09Rik,0.93912745,0.91822934,0.97474796,1.0007511,0.99924886,1.0115558
Pik3r4,0.9735022,1.0055844,0.9944155,0.9645559,0.96359205,1.018288
Pdcd1lg2,0.9369607,0.99819887,0.9985455,1.0167401,1.0014545,0.99227524
St5,0.96985114,0.97458816,0.9916462,1.008354,0.9498185,1.0438855
Tpcn1,0.9474864,1.0253568,0.9746432,0.93951756,1.0276227,0.95627755
A630024B12Rik,0.9951828,1.0048171,0.99025035,0.95830375,0.9564043,1.0168173
3222401M22Rik,0.98452735,0.9971464,0.9857642,0.9803495,1.0559376,1.0028535
Dusp22,1.0201074,0.94677126,0.9798927,0.9788961,0.9725951,1.0367342
Zfp85-rs1,1.0204905,1.006795,0.993205,0.9700514,0.98488224,0.9656616
Icos,0.946359,0.9818585,0.9943111,1.0076448,0.99821,1.00179
Pard6a,1.0090543,0.9359956,0.99522454,0.94240457,1.0040503,0.9959497
2310034L04Rik,0.97949195,1.0059551,0.99006045,0.98873276,1.005753,0.9942468
Hs3st1,0.9890583,1.0407977,0.9936277,0.962082,0.92235786,1.0063723
Hoxb4,1.0044115,1.0092113,0.9955886,0.9505743,0.96637547,0.9288764
Syt5,0.97661686,1.0318567,1.0077263,0.9901497,0.99227375,0.9521736
Rfwd3,0.9765243,1.0006537,0.99934626,0.99205965,1.0314807,0.9904746
9030612M13Rik,0.9844182,0.9624528,1.013693,0.9863069,0.9779488,1.0279158
EG381438,0.9966581,0.9967705,1.0246596,0.974891,0.8998016,1.0032294
Cd3z,0.9982925,1.0017076,0.96572727,0.9367698,1.0409359,0.95426637
Snx9,0.96129215,0.9879359,0.97665215,0.9894366,1.0219029,1.0105634
Nrap,1.0063009,0.93709725,0.99369913,0.978347,0.9697184,1.0224621
Tmed3,1.0020617,0.97728354,0.9988593,0.9664901,0.89757556,1.0011406
Hist1h3f,0.9726801,0.94719416,0.9691881,1.0246397,1.0159568,0.9840432
Art4,0.958674,0.9924249,1.000743,1.0559595,0.99925697,0.98736024
Stk19,1.0035344,0.99890244,0.9683368,0.96236306,1.0010977,0.9637698
Hsh2d,1.02252,0.96974325,0.9884321,1.0115681,0.9411088,0.9365938
Padi4,1.005722,0.9875817,0.9942779,0.9864013,0.9532291,1.0334343
Dusp14,0.9779878,0.99207914,0.943855,1.0279514,1.0032895,0.99671054
1810048P08Rik,0.98799783,1.0548893,1.0080023,0.939692,0.9765377,0.9919977
Cmtm7,1.0327988,0.97388166,0.96501064,1.0218552,0.9781448,0.9008184
Polb,0.9768142,0.96726143,1.0350364,0.9282993,1.0231857,0.9555581
Guca1a,1.060292,1.0040939,0.99590623,0.9862239,0.98958105,0.9603636
Dapk3,1.0057304,0.9570406,0.99426955,0.95203334,1.0451331,0.9575234
scl0003251.1_21,0.9893893,1.0534824,0.99707437,0.9902771,1.0029258,0.9308934
Ubash3a,1.0220653,1.0039293,0.9806325,0.9960707,0.99281144,0.9922152
Coro1b,0.9891771,0.9929257,0.9774026,1.0070741,0.9424197,1.027622
Lyz,0.9879165,0.99776435,0.9842962,0.969811,1.0022357,1.0485587
Tmem86b,0.94003695,0.96272385,0.97982943,0.9989217,1.0096594,1.0010784
Gsta2,1.0020308,0.9979691,1.0589945,0.9963709,0.9362992,0.96720684
Fcgr2b,1.0057262,0.9647579,0.95492184,1.0420239,0.9825682,0.99427384
Chst10,0.909999,0.931073,0.982979,0.9669089,1.017021,1.0295821
Mcm6,0.9290575,0.97180885,0.96590596,1.0050032,1.0011086,0.99889153
2010011I20Rik,1.0089844,0.9910156,0.9479439,0.975187,0.9875259,1.0291343
Stra13,0.9997611,0.92999953,0.9352822,1.0002389,0.9486873,1.0074096
1110020G09Rik,0.96569145,1.0231413,0.98983216,1.010168,0.9794478,0.9645673
LOC216963,0.99902326,1.0119126,0.98250544,0.8998737,1.0009768,0.9561468
Klrk1,0.9724626,0.99663675,1.0033633,0.94448715,1.0250186,0.970265
Frag1,1.02052,0.9937485,1.0062515,0.9807774,0.95675886,0.9873863
Foxn2,0.99225545,0.9842172,1.0077444,0.97513217,1.0372615,0.9854901
Adck5,0.96986055,0.94227815,0.9823863,1.0176136,1.0208608,0.967869
Abcc3,0.9521097,0.9363443,0.9980008,0.949122,1.001999,1.0162357
1700051E09Rik,0.997012,1.033419,0.96346307,0.9889106,1.002988,0.96362996
Nhp2l1,0.95687467,0.9513108,0.9925626,0.97189087,1.0074375,1.0494483
Klra2,0.98423165,0.94716233,0.97459096,0.98422486,1.0157683,1.0352402
Ceacam1,1.0183885,1.0073376,0.99266243,0.98379815,0.9623704,0.9074645
C230052I12Rik,1.0059994,0.98325837,0.9940007,0.98758423,1.0156549,0.9886017
Csnk1d,0.92628145,1.0073828,1.0031924,0.9079458,0.9968076,0.93131113
Rer1,1.0035527,0.9685754,0.9673185,0.99644715,1.0306551,0.97707796
Myg1,0.974152,0.96836406,0.9360011,1.0111412,1.0261906,0.98885876
Cd3z,0.9903461,0.9476652,1.0257071,1.0096539,0.98284394,0.98634464
C430004E15Rik,0.95530075,0.98906136,1.0109386,0.9534368,1.0321791,0.98773706
Bfsp2,0.99550164,1.0399548,0.98488045,0.9945246,1.0044986,0.977625
Pdlim2,1.0235003,0.95311487,0.9519017,0.96732265,0.99582756,1.0041724
Mns1,1.0061668,0.9253413,0.91507983,1.0058504,0.9518015,0.99414957
Nucb1,0.9443922,0.9534853,0.994163,1.0058368,1.0716243,0.9481905
Gnl2,1.0169001,0.95882404,0.9834077,0.99945515,1.0005448,0.98877305
Ryr1,0.98515534,0.94214594,1.0089829,0.9948679,1.005132,0.9642351
6330583M11Rik,0.99265116,0.99776405,1.0074806,1.0022359,0.97689235,0.9936842
D430028G21Rik,0.9746927,0.94348055,0.9568713,0.9967337,1.0032663,1.0195062
Zfp2,0.99494517,0.9671191,1.0056356,0.9373689,0.97250503,1.0050548
Rsad1,0.9850165,0.97172934,1.0626129,0.9780836,0.99725544,1.0027446
Rab3il1,0.9755144,1.0244856,0.93678147,0.9747344,0.96510714,1.046918
Exosc6,0.96746236,0.99587697,0.9288805,0.99933666,1.0006634,1.065204
Fbxo46,0.9799503,0.99474484,0.9758837,1.0278888,1.0052551,0.9682335
4833439L19Rik,1.0192825,1.0032774,0.99672264,0.8891465,0.9383566,0.9719609
P2rx4,0.98844445,0.9652604,0.896004,0.9834036,1.0172704,1.0115556
Rmnd5b,0.9851201,1.0044858,0.9555788,0.9926738,1.0130651,0.9955141
Runx1,0.9689496,0.9875557,1.0040147,0.9854073,1.0302634,0.99598515
Hfe,0.93863374,1.0007099,0.9407454,0.9637368,0.99929017,1.0276332
Snx17,0.98997915,1.0627241,0.99084604,1.009154,0.9612428,0.9488046
Nubp2,1.0209955,0.9286116,0.98552144,0.9698784,0.9567376,1.0144786
9130211I03Rik,0.9953194,0.95498115,1.0046806,0.9437392,1.0402663,0.92656726
Il18,0.9983366,0.9658421,0.94167864,1.0016636,0.97995716,1.1103644
Mtch1,1.0458435,1.0057329,0.9855238,0.9942672,0.95684916,0.9250977
Tjp2,0.98620594,0.9739292,0.9778045,0.96385497,1.0137941,1.0297695
Ide,1.0151057,0.9178107,0.9802887,0.9706183,0.9848943,1.039566
Sirt2,1.0314329,0.9641957,0.94867307,0.96856695,1.0620922,0.95524275
Mtap7,0.9541026,0.9416781,1.0326922,1.0168499,0.9611508,0.9831502
AA388235,1.0091844,0.9908156,0.96700585,0.98642987,0.96755314,1.0114573
Kctd14,1.0480225,0.97746754,1.0054376,0.9627477,0.9760015,0.99456227
Bing4,0.9680455,0.97825015,1.0000763,0.99992377,1.0034959,0.9979508
BC021523,0.9450361,0.96692896,1.0099201,0.9434796,1.0067594,0.9932407
Fgfrl1,1.052411,0.97833455,1.0116677,0.9816376,0.9775213,0.9883323
Atp2c1,0.9821395,0.9886968,1.0113033,0.9866613,0.9858485,1.023062
Capg,0.9641592,1.0014853,0.9793946,0.99026716,0.99851465,1.0114218
Insig2,0.9847771,0.9606647,0.97227454,1.0152228,0.98213434,1.0512642
Selenbp2,1.0056169,0.9943831,0.9746791,0.97507966,0.98065895,1.0127997
Ergic3,1.006487,0.92125326,1.0026507,0.9973494,0.93282133,0.9271251
Cma1,0.98713535,1.0086697,0.93032646,1.0161335,0.99133044,0.94089687
Pde4a,1.0191092,0.9808908,0.9083738,1.0300901,0.9484535,0.9798524
Otub2,0.92105556,0.9961914,1.0391062,0.9523246,1.0038086,0.91402465
Spin,1.0243403,0.9748129,0.98082,1.0010748,0.9528417,0.99892527
Zfp68,0.92202806,0.9058129,0.89662534,0.96849054,1.0380484,1.0315095
Vnn3,1.0234497,0.9931648,0.98992926,0.98826563,0.9914157,1.0068352
Rpp14,0.9842284,0.89761585,1.003271,0.99224955,0.996729,1.0441152
Metapl1,1.0034447,0.9965552,0.9956136,0.97853565,0.9806082,1.0780388
C1qbp,1.0021662,0.95022374,1.0108845,0.95166075,0.9978338,0.97210675
Mare,0.89690334,0.9934811,0.9045959,0.95844877,1.0390635,1.0065188
Pank3,1.0364538,1.0069096,0.9685694,0.9930904,0.9924,0.8997301
Toe1,1.0621983,0.9193085,0.93152905,1.0102242,0.97470605,0.9897757
Rbm13,0.95212513,0.9446156,0.95047116,0.9937415,1.0062585,1.0303924
Irak4,0.99592024,0.968034,1.0040798,0.9646057,0.9553688,1.0066177
Alg9,0.94068944,0.9961106,0.9913997,1.0406318,0.99616987,1.0038302
Il8ra,0.98599124,0.9590362,0.9977384,1.0022616,0.966939,1.0216572
Ccdc124,0.9834062,0.9966825,1.0033176,0.97715944,0.9834636,1.0282556
Blk,0.9933481,0.96347016,0.9957777,1.0042223,0.9771347,1.0269291
Arfip2,0.9980446,0.9624283,1.0085753,0.9481081,1.0019554,0.97591263
Mtx1,0.9687099,0.90792394,0.9808365,0.9790821,1.0425391,1.0191636
Pmm1,0.9703733,0.99919444,1.0008054,0.98661613,0.9618958,1.08982
Ncf1,1.000329,0.9589986,0.93262494,0.98559034,1.0565186,0.9996709
Art2b,1.0400604,0.9821948,0.9423064,1.0111394,0.9464583,0.9888605
Vnn3,0.9995671,0.9947933,0.94744706,1.000433,0.9632742,1.0361366
Dhrsx,0.98665684,0.9215104,1.0376424,0.9467624,0.95955294,1.0133432
Prss22,0.96062666,1.0223615,0.99801147,0.9880431,0.9779402,1.0019884
Stk25,0.9876316,1.0360976,0.9362463,0.94749856,1.0123683,0.9349038
Cyp27a1,1.0342882,0.88256496,0.93246806,0.9657118,0.9367802,1.0394084
Bing4,1.0033561,0.9737511,0.99664384,0.9918354,0.9660589,1.0132904
Mpn,0.98907965,0.9755864,0.9252791,1.0211964,0.9453842,1.0109204
Usp10,1.0071155,0.94759905,0.98618346,1.0148203,0.9928845,0.9655172
Stk19,1.012537,0.923014,0.987463,0.9667785,1.0576562,0.98182577
Ccnt1,0.99340534,0.98155594,0.9984484,0.9744742,1.0015516,1.0192561
1700017I11Rik,1.0131264,0.9722916,0.95378375,0.9868737,0.93482727,1.0359921
Arpc4,1.0093826,0.9906174,0.9877605,0.9136918,0.88081825,1.0827752
C430010P07Rik,0.99176294,0.96774024,0.9752573,1.0069618,0.9930381,1.019779
Hist1h4c,0.99664986,1.0033503,0.9689605,0.9401799,1.0555053,0.96410936
Ccl3,1.0048699,0.99513,0.9361547,0.963538,0.9184442,1.0356212
Oasl1,0.91955936,0.95515466,0.92388594,0.97614616,1.0238539,1.1086745
Trp53i11,0.96801627,0.92826265,0.9792817,1.0446116,0.9809282,1.0190719
Suclg2,0.9859154,0.9749017,0.9145275,1.0854205,0.9794361,1.0140845
B3gnt8,0.9380171,0.96696824,0.9415407,1.1118748,0.93285674,1.0330317
Whrn,0.949492,0.9819717,0.9796874,0.9741651,1.0180285,1.0441185
Arl3,1.0381819,0.98247886,0.9579689,0.95732796,0.98846185,1.0115383
Lancl1,1.0141196,0.9182915,1.0199379,0.9858804,0.95641065,0.94470876
3632413B07Rik,1.0560203,0.9057173,0.8696652,0.96441424,0.9483048,1.0355858
Zfand2b,1.0752071,0.95085543,0.99479073,0.96423435,1.0052092,0.96734405
Tfb1m,0.9901799,0.9315094,1.0162346,1.0058007,0.9941994,0.9430845
Stard10,1.0284992,0.9715007,1.0564282,0.97014165,0.9574057,0.9532941
Stk25,0.99492216,1.0827377,0.9950458,0.94684976,1.0049542,0.89386
1200015F23Rik,1.0134981,1.0018082,0.9682075,0.9455094,0.9948901,0.9981917
Frag1,1.0231985,0.9342964,1.0307014,0.9470734,0.97680163,0.9670736
1700021E15Rik,0.96902984,0.9924059,1.0143572,1.0075941,0.97100526,0.95013213
Ms4a1,1.0242683,0.8826099,0.9608569,1.113088,0.97573173,0.97124535
1110038F14Rik,0.8917473,0.9062492,0.98790467,0.92674005,1.0120953,1.0122757
Phf11,0.926072,0.91003656,1.0329717,0.99172235,0.9449856,1.0082777
Ifit3,1.00072,0.9799548,0.99928004,0.9391624,0.95091987,1.0297265
Oas2,0.97800314,0.923637,0.9749015,0.9223364,1.021997,1.1107461
Parp3,1.0269444,0.9730558,0.8963302,0.97246563,1.0939089,0.97154075
Oas1d,0.92736506,0.985806,0.95613945,0.9160378,1.014194,1.02803
Psme2,1.0189415,0.8883803,0.95425296,0.99242526,0.9565919,1.0075748
Fgfbp3,0.9569699,0.9665816,1.0128452,0.98333025,1.0450826,0.9871548
B3gat3,1.0426402,0.9614408,0.9445877,0.93738246,0.9773011,1.022699
Armc3,1.0095038,0.99049616,0.9340895,0.8948118,1.0276318,0.9855365
Ryr1,0.98628485,0.9254891,1.0137153,1.02669,0.9607338,0.9817145
BC027061,0.99645144,0.90061563,1.0035486,0.93554306,0.96613175,1.0836196
Agpat4,0.97228354,0.9045607,1.0426236,0.9739308,0.9584955,1.0260694
Mad2l1bp,0.99157405,0.938196,0.995813,1.0201833,0.9638529,1.0041871
Ppgb,1.0288163,0.9836863,1.0094849,0.93356276,0.97660697,0.99051505
Mrps7,0.95818913,0.93964523,1.000603,0.9934272,0.9993971,1.0745794
Klra1,1.0134348,0.9467854,0.9271123,0.9619381,0.9978255,1.0021744
Tnfrsf5,0.9619213,0.936307,0.94119346,1.0017036,1.0469438,0.9982965
Dctn2,1.0892757,1.0009034,0.9835988,0.89583975,0.9029443,0.99909663
9930023K05Rik,0.98560387,1.0048368,0.9517102,0.9951631,0.9534447,1.0211504
Spsb3,0.9283725,0.96928364,0.9050286,0.9417702,1.0307164,1.106376
2700055K07Rik,1.0339863,0.9200964,0.9510435,0.9393268,1.0104969,0.9895032
Phf11,0.9125509,0.8964422,1.0872465,0.99769,0.9668742,1.00231
Oas3,0.9521763,0.9826325,1.0173675,0.97509056,0.9286464,1.0432006
A130072J07,1.0361943,0.9280542,0.9270431,0.9773508,0.94416314,1.0226493
Zcchc9,0.98321825,1.0091399,0.9922578,1.0077422,0.97146547,0.9757615
Il4,0.9445144,0.98986155,1.0101384,0.9838605,0.9623911,1.085125
BC049635,0.99308085,0.9811171,0.98994994,0.9909024,1.0069191,1.0773561
Mat2a,0.94590783,1.016219,0.9837809,0.92793506,1.0454181,0.9266411
C78541,0.99837,0.98110634,0.8971858,1.008236,0.9893799,1.00163
Gemin7,1.0008409,0.9603387,1.0180755,0.9991591,0.9785284,0.9760921
Fkbp2,1.1004752,0.92670435,0.9990104,0.9593958,0.99847275,1.0009896
Myo1c,1.005247,0.94850326,0.94670826,0.994753,0.97541636,1.0160367
Unc119,0.93733424,0.90609425,1.0243546,0.9567647,0.9756454,1.031433
Ict1,0.9729783,0.8935299,0.9941713,0.9628861,1.0058287,1.0571079
1200015A19Rik,0.9773349,1.0592495,0.9686424,0.9019039,1.022665,0.9316545
Syngr2,1.0769178,1.0081838,0.99181616,0.86698014,0.9731317,0.9836255
BC004728,1.0700797,0.88310313,1.020212,0.97978795,0.9519332,0.90230584
Ring1,0.9891946,0.90927374,0.9574279,1.0108055,0.9406656,1.1114978
Psme3,0.9425665,1.0031525,1.0546085,0.9030679,0.9968476,0.8844169
Dhcr24,1.0107397,1.0047985,0.9432723,0.9467487,0.9952016,0.9424615
Bst2,0.9924636,0.941144,1.0075364,0.88577145,1.0922983,0.88601834
2610528M18Rik,0.9355777,0.89788276,0.9990111,0.9874048,1.1913235,1.0009888
Uap1l1,0.9626042,0.98985994,1.1574352,0.9862882,0.9544618,1.0101402
D11Lgp2e,1.0040126,0.9192293,0.96349746,0.99598753,0.90814215,1.1298205
Arl3,0.99596345,0.9745952,1.043474,1.0040364,0.9787678,0.95308024
Lancl1,1.0063896,0.9644768,0.9946226,1.0053774,0.90319645,0.9793846
Wdfy1,0.94143176,1.014017,1.0025425,0.99745744,0.9761887,0.92516273
Klra12,0.96778715,0.89845586,0.9031706,1.0043557,1.0495747,0.99564445
Oasl1,0.97530216,0.9125061,0.9693581,0.9376943,1.0246979,1.0866823
Hps1,1.0023105,0.9056153,0.96809274,0.991346,0.9976894,1.0883925
Gngt2,1.0420674,0.8702343,0.98265314,0.9435908,0.9558775,1.0173469
Mrpl4,0.97747236,0.8770822,0.94784063,0.9861013,1.0138987,1.0259148
D19Ertd678e,1.0068727,0.856402,0.8891944,0.99312735,0.9723934,1.042632
Usp18,0.9903079,0.9834609,1.0093548,0.94995314,0.99064535,1.0188556
Lynx1,1.0233834,0.9766167,0.9265561,1.0268954,0.9504516,0.9601279
Tbxas1,1.0237309,1.0724195,0.9715182,0.9459863,0.90957314,0.9762691
Camkk2,1.0040214,0.8894914,0.9264399,1.0144204,0.99597853,0.9291379
Timm13a,0.98776394,0.8629677,1.0077636,0.88676465,1.0142778,0.9922363
AA536743,0.99425846,0.93227136,0.95190567,0.9476723,1.064727,1.0057417
Ceacam1,1.0104095,1.0406816,0.9895906,0.9638804,0.9738828,0.92326945
Purb,0.9757014,0.9319073,0.98292935,1.0170707,0.92612624,1.0200944
Ifit3,0.96114284,0.99599147,1.0223933,0.928277,0.932115,1.0040085
Lrrc57,1.0208583,0.9913744,0.9382827,0.947639,0.9390271,1.0086256
Fbxo30,0.9300489,0.9590755,0.9516304,0.9657138,1.073909,1.0342863
Ndst1,1.0354645,0.84094626,0.9521591,0.9010626,0.9645355,1.0695319
Csf3r,1.0436246,0.9563753,0.89994967,0.89679855,0.91596025,1.1125946
Srp9,1.017544,0.9785219,0.9859676,0.9787614,1.0140324,0.9131259
Uap1,1.0013484,0.9069119,0.99963135,0.93000585,0.9470735,1.0003687
D0HXS9928E,0.9396093,0.9194979,0.88708264,0.97743964,1.0345689,1.0225604
Lyl1,1.0149018,0.9850981,0.95759326,0.97930974,0.97724366,1.017687
Sp100,0.9255715,0.88719153,0.8958654,1.0286982,0.97130185,1.0291047
Mat2a,1.0007386,0.9177043,0.9666645,0.9992614,1.0496302,0.93201834
G22p1,1.0226206,0.9801343,1.005669,0.99034965,0.99433106,0.9574855
Yipf3,1.0332795,0.9037001,0.92894477,0.9667205,0.9375121,1.1525544
Snx2,0.9989558,0.88985765,0.90767574,1.1365123,0.9598874,1.0010442
1300013B24Rik,0.8820907,0.88529116,0.9088206,1.0523158,0.9480449,1.0519551
Nrarp,1.012098,0.95519227,1.0104978,0.9820174,0.9334287,0.9895023
BC065078,1.033413,0.8860911,0.9189685,0.9737942,1.0262058,0.9584917
Pmf1,0.9899474,1.000963,1.0003314,0.99966866,0.9614944,0.97101116
Wbp5,1.0160354,0.9456418,0.920346,0.97872776,1.0215601,0.9839645
Isgf3g,1.1375303,0.97360754,0.9696366,0.9437277,0.96769047,1.0263923
Exosc5,0.99287957,0.8848645,1.0217004,0.9810568,0.92240834,1.0071205
Ralgps2,0.9370885,0.8741776,0.8631784,1.0487251,1.0299487,0.97005135
2810410P22Rik,0.9268907,1.0016549,0.96577823,0.9983452,1.0339946,0.97948027
2900001O04Rik,0.94235796,0.9920491,0.9198238,1.0079509,0.95363075,1.0387036
Ndst1,1.0371618,1.0033531,0.9776964,0.9310641,0.9966468,0.9515091
Syngr2,1.0193386,0.99762595,1.002374,0.9238113,0.84100586,0.9202843
Apobec3,1.0097203,0.989968,0.9902798,1.0319189,0.9853309,0.9896152
C130086A10,1.0082324,0.95393085,0.96463686,0.9994869,1.0005131,0.9807151
Rnf166,1.0151961,0.8681846,0.94022346,1.0183321,0.9848038,0.9816603
Arpc1a,0.9898824,1.0101175,1.0564756,0.8455805,0.9753782,0.8654457
H2afj,0.99393284,1.010169,0.9755045,1.002361,0.9976389,0.9710312
Hint2,0.8810283,0.8561963,1.0111568,0.95126027,0.98884326,1.0324298
Srpr,0.9916148,0.9392476,0.98038274,1.0083851,0.975571,1.0635403
Ddx25,1.0015798,0.92038476,0.9584631,0.9630147,1.0054603,0.99842024
Mpn,0.9606926,1.0909426,0.9290417,0.9888957,1.0111043,0.98874193
Pkig,1.0029274,0.9970727,0.96897167,0.9188435,1.0089164,0.8036927
Hmox2,1.0716622,0.81408185,0.8749241,0.89955825,0.9906637,1.0093361
4921528G01Rik,0.98317355,0.8965465,0.9559303,1.0990094,0.9974462,1.0025538
Dhcr24,0.99453324,0.98307353,1.0054667,1.0096416,0.95327187,0.96296084
Mrpl22,0.91419756,0.86532503,0.9648086,1.0065604,1.0384271,0.9934397
Npn3,0.95791477,0.99509877,1.0049013,0.87291175,0.9586896,1.0418924
Rab6b,0.9951829,0.94276595,1.0048172,0.9819344,1.0637295,0.9367775
Mef2c,1.0293672,0.8378866,0.92665523,1.1105288,0.83853394,0.9706328
Mat2b,0.97076327,0.96737826,1.0875286,0.9649524,1.0292368,0.9024909
2900001O04Rik,0.82861567,1.0335493,0.9654852,0.8395528,0.96645075,1.1166073
Tnfrsf5,1.0284045,0.8162041,0.98639023,1.0136098,0.95690364,0.90522504
2310035K24Rik,0.9102544,0.9787012,0.97469175,0.9898946,1.2236155,1.0101055
4933407N01Rik,0.80429345,0.86594766,1.0214363,0.9064869,0.9874306,1.0125694
Unc119,0.9633877,0.8679695,0.9003732,0.9290455,1.0366123,1.109938
Aqr,0.9542699,1.014391,0.9860155,0.94804466,1.0139846,0.97973186
Dusp23,1.1149949,0.89371866,1.0256703,0.839543,0.9254177,0.9743296
1810030N24Rik,0.91695,0.8408364,0.9995215,1.0004784,0.9505841,1.105156
Ssbp2,0.9407343,0.9768857,1.0231143,0.8510862,1.0693309,0.8869781
2610528K11Rik,0.9858649,0.9947432,0.9967482,0.89523035,1.0032518,1.1024247
Plcb2,0.9037929,0.94599813,0.8560166,0.8772076,1.0540017,1.1206449
Snx2,0.9773902,0.8538225,0.90688664,1.0825844,0.95941544,1.0226098
Msi2h,0.9786149,1.0213851,1.0838437,0.92634344,0.94493055,0.9005717
Rbpms2,0.968914,0.9888033,1.0111966,0.93175447,0.88954914,1.0329956
2810442O16Rik,0.95950925,0.9204236,1.097444,0.9161877,0.9377637,1.0404907
EG241041,0.9946211,0.9566275,1.0230483,0.96084946,1.005379,0.98765767
Sc4mol,1.002324,0.9053945,0.86827976,0.9922555,0.997676,1.0530746
Trex1,1.0314451,0.85446423,0.91228545,0.96855485,0.8623303,1.0628198
4921528G01Rik,0.94452095,0.8817545,0.9091847,1.0109961,1.0613109,0.9890038
Kctd14,0.98565483,1.0139668,0.99174863,0.9546405,1.0082514,0.92607653
Pqbp1,0.98049986,0.9911887,0.9496304,0.97485596,1.0088112,1.0320567
2810410P22Rik,1.0051299,1.0383195,0.99486995,0.9383552,0.9859139,0.95550823
Siah1a,0.935017,0.91710943,0.8810155,1.0319073,0.97156906,1.028431
Cbr1,0.93603253,0.90953803,1.0639675,0.8353861,1.1295266,0.8857908
Cdkn2d,1.0004247,0.75333726,0.9119101,0.87823623,0.9995751,1.0816804
Pdk1,1.0537063,0.90301377,0.87658566,0.9907797,0.90986794,1.0092202
Ccm2,1.0905633,0.9978465,0.9068202,1.0021535,0.93177897,0.9432058
Usp39,0.9526336,0.94617236,0.9245111,1.0026538,0.9973463,1.010721
Nme3,0.9726551,0.93416226,0.94555134,0.9209979,1.0498033,1.027345
2810410P22Rik,0.98317444,1.0227596,0.96432036,0.9895531,1.0041618,0.9958382
Apex1,0.91356134,0.86877406,0.9863223,1.0558778,0.94407743,1.0136776
Serpinb1a,0.95264244,0.87378824,0.8858017,1.0951868,0.8700167,1.0473577
Cope,1.0694652,0.929486,0.9086188,0.9226291,1.0294889,0.9705111
Capn3,0.9135895,0.9819301,1.0180699,0.9370426,0.8577084,1.0982797
Fcgr2b,0.9516894,0.8703572,0.94264287,1.0471343,0.9578867,1.0421133
Idua,1.0132366,0.8976741,0.9867634,0.9509145,0.8719568,1.0672642
A130038H09Rik,0.94075704,0.8173012,0.9146473,0.987078,1.012922,1.0727366
Mpn,0.9335567,1.1556951,0.98917025,0.9044611,1.0108298,0.97653615
2310039H08Rik,0.95106316,0.81603837,0.99815917,1.0018407,0.97700316,1.0477043
Blr1,0.98623925,0.9129568,0.8592156,1.1266066,1.0137607,0.9623594
Tpst1,0.8950056,0.8108564,0.92718667,1.0272956,0.97270423,1.0712506
Dusp8,0.90172154,0.9692455,0.8845657,0.7990005,1.151416,1.0307544
Oas1g,0.98841304,0.90472716,1.011587,0.9759855,0.9131729,1.0669078
Ubl7,0.9452866,0.95871556,1.0412844,0.9381081,1.1745476,0.90935373
Pink1,0.84309417,1.0394852,0.88528854,0.84816307,0.9605148,1.0861075
Imap38,0.9755501,0.95834875,0.8936519,0.9437708,1.0608306,1.0244498
Csf3r,0.98637295,1.013627,0.7583582,0.81039244,0.94639677,1.123587
Fbxl6,1.1001279,0.92411995,1.0292776,0.92516094,0.97072244,0.9444766
Lgals9,0.9959991,0.812208,0.9026679,1.0040009,0.98051834,1.0144612
1700023B02Rik,0.96155405,0.8697221,0.8769752,0.7793578,1.0983593,1.0384461
Mcm6,0.98553544,0.9738665,1.0514691,0.9931173,0.9755242,1.0068828
Ercc5,0.9983848,1.0005558,0.99944437,1.0378056,0.9830463,0.9818187
Arpc1a,1.0987756,0.9516074,0.9586531,0.8305099,0.91576916,1.0413469
Napsa,1.0183525,0.77967477,0.9881943,1.0118059,0.8917013,0.92032856
Fzr1,0.8267551,1.0706629,0.889182,0.71501976,1.0490149,0.950985
LOC654842,1.0060815,0.8221303,0.9497525,0.9939186,0.8676126,1.1057184
AI586015,1.0110201,0.86325204,0.83660865,1.0930941,0.8589687,0.9889799
Blnk,1.1048476,0.8279153,0.9986434,1.0013567,0.9610108,0.8520859
Mif4gd,1.0151763,0.8978073,1.0226204,0.98482364,0.9021224,0.90309286
Aldoa,1.2214797,0.9703514,0.92511153,0.917489,0.94386506,1.0296487
AI838661,0.94416183,0.9664303,0.96147984,1.0357406,0.9756154,1.0243847
D930028F11Rik,0.98941785,0.97158337,1.0037863,0.98727566,0.99725664,1.0027434
Vangl1,0.8565583,1.0203458,0.9796541,0.80548024,1.270309,0.93335646
Mad2l1bp,0.9862524,0.9589567,0.9441879,1.0137476,0.9708882,1.0282778
D14Ertd449e,0.9357145,0.91739863,0.9888751,1.0111248,0.87012,1.0356643
Ccl4,0.9508421,0.9730925,0.92042387,1.0269076,0.9110342,1.0412565
Tcf4,1.0051727,0.87015146,0.9064285,0.9948271,0.9885134,1.2360495
Rdh12,0.9631634,0.9691368,0.9360976,1.1277949,1.0308633,0.9659578
Klra7,0.96801674,0.8959887,0.82376546,0.96808696,1.031913,1.2030224
Samd4,0.98991495,1.0100851,1.0141144,0.9290874,0.98745644,0.9410303
Psmb1,0.9964558,0.85402936,0.837919,1.0035442,1.0090296,0.7603349
Ctsz,1.072096,0.9110345,0.9064515,0.927904,0.8777947,1.0877588
2310046K10Rik,0.9639872,0.8386725,0.80176353,1.0641464,0.87332237,1.0360129
Atp5d,0.9897279,0.89849836,1.0060965,0.9939036,0.980749,1.1571735
Gemin7,1.0233421,0.96984935,1.0315046,0.976658,0.9578091,0.8645072
Dctn6,1.0129877,0.88175917,0.88868296,0.9870124,0.98282915,1.1038302
Trex1,1.1529421,0.81524235,0.9170552,0.98528093,0.87356293,1.0147191
Lynx1,0.91335344,0.9645299,1.0115942,0.93503743,0.9967032,1.0032967
Irf5,1.0917484,0.8517024,0.82094276,1.0026551,0.8832158,0.99734485
Malt1,0.8417721,0.85999644,0.8550916,1.0317603,0.96823984,1.0680941
Nudt6,0.994992,0.9945741,0.9890799,1.0247749,1.0038977,0.9961025
Syngr1,0.9945175,1.0054823,1.0838137,0.762901,0.940526,0.8675868
2010316F05Rik,0.9107852,0.7824447,0.8550577,0.99615717,1.0038428,1.1179707
Brp16,0.94863236,0.84585613,0.9181546,0.9040871,1.0636772,1.0513676
Usp18,0.9309015,0.97800285,1.0219972,0.954548,0.9431036,1.059251
1200016B10Rik,0.857878,0.9450252,0.9378197,0.9318866,1.3141057,1.0549749
A230020G22Rik,1.0163726,0.83965427,1.008255,0.99174505,0.9522985,0.9046248
Cmtm7,1.2729287,0.89006144,1.0306456,0.8892938,0.96935433,0.9433204
Zfp162,0.8597805,1.0400182,1.0336663,0.7155014,0.7693052,0.96633375
BC025206,0.935078,0.79738593,0.8456706,1.0859668,0.83393973,1.0649221
Tm4sf4,0.97360164,0.92657375,1.0074273,0.97967786,0.99257267,1.0417006
LOC545056,0.8835012,0.84738284,0.8501131,0.8752925,1.1164988,1.2002654
Scoc,0.8470994,0.90257293,0.9932687,0.904826,1.2781242,1.0067312
Fbxl6,1.0689672,0.97866946,1.0213305,0.84400046,0.91179055,0.87036127
Tm4sf3,0.9112134,0.98876286,1.0211693,0.94491154,0.9943257,1.0056744
Rbm38,1.0066005,1.0829918,0.9933996,0.8202266,0.89884603,0.85962915
Mef2c,1.0140827,0.98591745,1.1364822,0.8708028,0.84181523,0.85172516
Ptprcap,0.9936191,0.83125216,0.9346225,1.006381,0.95896524,1.0170056
1700123O20Rik,0.99032444,0.98064303,0.94069487,1.0384442,0.96685386,1.0096756
Usp18,0.8848889,0.8981589,1.0213163,0.9130238,0.97868377,1.0273478
Sfrs16,1.0356398,0.9601043,0.9508552,0.9551094,1.0161878,0.9838123
H2-M3,1.0716575,0.7808893,0.8951172,0.9675444,0.8483054,1.0324558
2310004L02Rik,1.012892,0.90886414,0.91273195,1.0588198,0.98710805,0.98676175
Lgals9,1.0079814,0.8695981,0.99584645,0.9708913,0.9335438,1.0041536
Ube2m,0.9873921,1.0126079,1.047173,0.7982653,0.85376376,0.83744484
Tmem108,0.9839592,0.91035557,0.99122024,1.0181009,0.9713284,1.0087798
Gypa,0.85861856,0.92417705,1.0057092,0.8136832,1.3650006,0.9942908
Nfkbia,1.0160546,0.89635074,0.98394537,0.81931674,0.92472583,1.1211798
Oasl2,0.99471915,0.96798503,0.93011576,1.0052809,0.9620183,1.1507138
Cyba,1.2339664,0.8026512,0.95946646,0.85609543,0.9244961,1.0405334
Pla2g12a,0.94276834,1.0424935,0.9851546,0.99429166,1.0057083,0.95255494
Unc93b1,0.9942953,0.9345839,1.0057048,0.9431399,0.9469935,1.1071473
Adprtl2,0.9459739,0.8570523,0.90574855,1.0123305,1.015697,0.98766965
Syngr1,0.98911005,0.9530399,1.0551113,0.85702777,0.9572425,1.01089
E230026N22Rik,1.0024297,0.98799086,0.99869055,1.0013093,0.9853101,0.9753371
Napsa,1.032632,0.796622,0.8626881,1.0500485,0.9283988,0.9673678
Blnk,1.0188832,0.85505915,0.9980395,1.0019604,0.9229532,0.9047997
LOC233529,1.001809,0.93518686,1.0613307,0.998191,0.96074647,0.90144044
Pink1,1.0294753,0.9202017,0.79141396,0.6538982,0.9766419,1.0233581
Blr1,0.8293947,0.70660377,0.81508434,1.0643302,0.9657496,1.0342504
H2-DMb2,1.0172176,0.77957237,0.98278236,1.3015072,0.93583876,0.8733797
Klre1,0.93807834,0.7893222,0.78961664,1.0133133,1.0404067,0.9866867
Il8rb,0.9671535,1.0328466,0.8088213,0.73565555,0.85979545,1.1640589
4930542G03Rik,0.979708,0.99452806,1.005472,0.94429034,0.98182005,1.0096178
Manbal,0.93248224,0.793656,0.82122016,0.996393,1.0036069,1.0484457
Erdr1,0.95083845,0.8771442,0.94143796,0.9528742,1.3543104,1.0471258
Zadh2,1.0269246,0.9420767,0.9622942,1.063897,0.97307533,0.90587264
Napsa,1.1281188,0.88442487,0.94060063,1.0593994,0.8352556,0.9275958
Spna1,0.97707725,0.9935744,0.88665485,0.9666103,1.0064256,1.0204483
Vars,0.97533494,0.8388788,0.9462207,0.99255955,1.0074404,1.0270284
A230020G22Rik,1.0133137,0.92482024,0.9130913,1.0156478,0.9427281,0.98668635
Ccng2,1.0116646,0.9388553,0.98833543,0.9826924,0.9464811,1.019654
Kcnc4,0.93027365,0.93326914,1.0628601,0.8644461,0.9371398,1.0696405
Ifit3,0.94389033,0.83700454,0.872116,1.0561097,0.81216013,1.1580664
Sdh1,0.9100596,1.0283122,0.9196883,0.9716878,0.8625649,1.0864997
Ube2b,0.8407147,0.91262996,0.98572147,0.8817305,1.2035115,1.0142785
Myd116,0.9946236,0.90632164,1.0220759,0.93132496,0.9110875,1.0053763
Grap,1.1041627,0.87260944,0.90865463,0.9841544,1.0158457,0.96961457
Blr1,1.0143514,0.7758381,0.8306891,1.1213621,0.9856484,0.93469554
Ifi35,1.0012072,0.9022785,0.961537,1.0024492,0.98823124,0.99879277
Unc93b1,1.0630084,0.7030336,0.7616065,0.9369916,0.8874362,1.1801196
D12Ertd647e,0.93788356,0.8671298,0.9022958,0.8354275,1.0621164,1.073972
4933407N01Rik,0.78675807,0.90394294,0.95299053,1.0047036,1.0566343,0.9952964
Fgd2,1.0227562,0.75447,0.88826245,0.97724366,1.1210599,0.9462169
LOC433224,0.9938102,0.92959565,1.0033805,0.92813927,0.99661946,1.0643265
Vars,1.0414474,0.97188985,0.88406146,0.9921742,1.0002512,0.9997488
Serpina3g,0.83539623,0.90680605,0.9110554,1.2752341,0.747618,1.0889447
1810030N24Rik,0.9168958,0.7483595,0.956866,0.9928987,1.0071013,1.0807229
Smox,0.9375244,1.0624758,0.92717564,0.7102444,1.2457771,0.8370299
Hist2h2ab,1.0893457,0.94553554,0.98928434,0.7386134,1.0107156,0.9429112
Map17,1.1721137,0.9162529,1.0420614,0.71275574,0.83766043,0.9579385
Pep4,0.99260813,0.9032333,0.97506857,0.98080474,1.0073918,1.0089085
C2ta,0.9976654,0.7629796,0.9015495,1.0608068,0.82412016,1.0023347
Serinc1,0.7800455,0.86995447,0.7712189,0.9126019,1.2351341,1.0873983
Rpl27a,0.9002688,0.8099359,0.84477943,1.0471818,0.95281816,1.0896457
Rmnd1,1.0022638,0.8967779,0.9329826,0.9977362,0.9652972,1.013115
Pnp,0.87572,0.91712236,0.9132115,1.0077176,0.9922823,1.2972093
Lgals3bp,0.9526693,0.8214191,0.953951,1.046049,0.6962282,1.1476803
Esco2,0.87292624,1.0831674,0.83651924,0.8755477,1.000538,0.9994621
4933407N01Rik,0.7584708,0.9074068,0.87776893,0.94250256,1.0574975,1.0629437
Dnajc15,0.81038773,0.6897374,0.809314,1.0066897,0.99331033,1.1789596
1810037B05Rik,0.99221754,0.8360103,1.0077825,1.258332,0.9700754,0.94106877
Cat,0.73952097,1.0687536,0.9312465,0.76714766,1.2970389,0.90616727
Pafah1b3,1.0049424,0.9194594,0.9586302,0.9950577,0.9651116,1.0220543
Fcer2a,0.9884573,0.9171136,0.97957283,1.1650319,1.0115428,0.89404184
Cd19,0.9943806,0.65940666,0.8697939,1.0056194,0.8956531,1.0112101
Fcer2a,1.031179,0.8409902,0.968821,1.1714618,0.93338853,0.84527254
Cd19,0.9961576,0.74212587,0.771801,1.097202,0.97052485,1.0038425
Gngt2,1.0775962,0.7253329,0.84514976,0.8824877,0.9224039,1.137144
Rbm38,1.0089829,0.8019797,0.8194436,0.9910171,0.90380013,1.32015
D12Ertd647e,0.92544574,0.8500933,0.96336704,0.8442511,1.036633,1.0895516
4432416J03Rik,0.9651523,1.0097184,0.9543082,0.9383909,1.0651383,0.99028164
Ifi30,1.0241868,0.7971663,0.8885365,0.95347035,0.9758131,1.2081276
1300010A20Rik,0.98473406,1.015266,0.8543962,0.74802375,1.053872,0.8694556
Jund1,1.0260285,0.9739716,1.1032852,0.7239964,0.910513,0.86978674
Psmb5,0.80751705,0.91178286,0.9796459,1.0349151,1.005936,0.9940638
Atox1,0.96432424,0.72457653,1.0356759,0.83862174,0.8025971,1.1968552
Fxc1,0.94092655,0.9740627,0.9300079,0.88585323,1.0259373,1.0529197
Dctn4,1.0042484,0.9902681,0.9957516,0.962847,1.0203224,0.9955536
Oas1g,1.0309461,0.9622128,0.96905386,0.9429108,0.9637281,1.2388253
Ypel3,0.8631815,1.0448216,0.9409142,0.77499974,1.1503028,0.9551784
Pold4,1.0254034,0.62521094,0.8234129,1.120182,0.9593248,0.97459656
H2-Q8,1.0523791,0.897023,0.94737095,1.044605,0.8507199,0.9553951
4732429D16Rik,0.9681529,0.97513115,0.9967249,0.9804991,1.0032752,1.0318905
H2-Ab1,1.0945163,0.8098982,0.9054837,1.1002088,0.87665886,0.63517094
Abhd4,0.8902929,1.0450168,0.99840975,0.8752909,1.0015904,0.9646237
Blk,0.960112,0.83529174,0.94226605,1.2333804,0.9626195,1.0373805
Hist1h2bm,0.8117522,0.9510672,1.0637883,0.6330096,0.96165717,1.0383428
Rbm38,1.0976484,0.7410502,0.779936,0.90235156,0.8768858,1.1433278
Cd37,1.0830402,0.8096205,0.8146761,1.0340295,0.9659706,0.9112093
Zfp318,0.991073,0.80009764,0.85152173,1.0193676,1.008927,0.8618027
Add3,0.99394345,0.97805494,1.0060565,0.94178087,0.98741144,1.0074055
Tnfrsf13c,0.86219484,0.68970376,0.7709658,1.2801653,1.0836744,0.9163257
Hn1,0.80400735,0.81259614,0.97844386,0.7041121,1.3693887,1.0215561
Ii,1.0007361,0.5948846,0.784285,1.1470516,0.7304235,0.99926394
Vamp8,1.0952682,0.8021878,0.90473163,0.86445886,0.8809489,1.183836
Rpl7a,1.0233827,0.83827996,1.1588632,0.8515433,0.9077588,0.9766174
Trim30,0.9464202,0.8591554,0.809537,0.91544217,1.0535799,1.1622568
Apoc2,0.9774936,0.9395588,1.0225065,0.96030414,1.040651,0.97234344
Hist1h2ae,0.96544284,0.88789964,0.97948164,0.9475915,1.0406321,1.0205184
H2-DMb1,1.0077425,0.70967335,0.77598906,1.0119015,0.76946574,0.99225754
Nfe2,1.1161958,0.9812213,0.8838934,0.79429156,0.84654933,1.0187787
Fcgr2b,0.9297062,0.8145834,0.8271831,0.9533372,1.0968938,1.0466628
Atp5g2,0.974359,0.78273004,0.80938566,1.0657221,0.76041436,1.025641
Selenbp1,0.9097613,0.99821454,1.0017854,0.88179326,0.9535735,1.0077239
Gadd45a,0.82192004,0.9887232,0.9030148,0.7775978,1.036256,1.0112767
Blk,0.97828144,0.7503845,0.8854254,1.2994189,0.9865991,1.013401
Mrpl10,0.9686865,0.90609795,0.9234225,1.0313134,0.9356478,1.1135302
Ifi30,1.0694349,0.6982521,0.8208496,0.9163303,0.9305652,1.1417238
Ccl4,0.93556285,0.93985885,1.0106107,0.99041015,0.9336168,1.00959
BC056474,1.0041034,0.82918173,0.8738202,0.9958964,0.903317,1.1956339
Ptpn14,0.90324056,0.9186826,1.0813174,0.8025575,1.1752255,0.8727539
Scoc,0.8225254,0.96717894,0.9826436,0.8710508,1.0973473,1.0173563
Gadd45a,0.9424716,1.100548,0.98177177,0.68373644,1.0182283,0.8557007
Ian3,0.9940377,0.7656047,0.8399462,1.1726172,0.9747111,1.0059624
Npn3,0.9955881,1.0016074,0.8879434,1.0135193,0.9556127,0.9983926
Ctsc,0.96699274,0.9248949,0.99556106,0.9849935,1.0317557,1.0044389
2410146L05Rik,0.98220956,1.0019091,0.9792439,0.99809086,0.9757546,1.0236483
Haao,1.0727062,0.91162646,0.9209993,1.045768,0.9063837,0.954232
Fcrla,0.9898108,0.65461683,0.8251933,1.19439,1.0001626,0.99983746
Ii,1.0170221,0.64232075,0.7898989,1.3157824,0.7511934,0.98297787
Pou2af1,0.88038665,0.59284014,0.77521825,1.1216198,0.803918,1.1196134
Rbm13,1.0423183,1.0060312,0.9855833,0.9939688,0.97305053,0.96826774
Ly86,0.9925668,0.6399086,0.79407716,1.0074332,0.76304686,1.3250521
Fcrla,1.0851371,0.66161424,0.88872933,1.2296653,0.9028775,0.9148629
2700097O09Rik,0.7239375,0.83545184,0.982686,0.7425836,1.4597052,1.017314
1700023B02Rik,0.96433645,0.68087953,0.86478126,0.60094815,1.0439552,1.0356637
Cd79b,1.0801519,0.6320772,0.8185925,1.2748663,0.8721521,0.919848
Zfp330,0.9646369,0.9830884,1.0200433,0.9604922,1.0025444,0.99745566
Fcer2a,1.080292,0.6421357,0.8829636,1.2027264,0.919708,0.8367133
2010323F13Rik,1.0743349,0.9003069,0.9623255,0.8722312,0.8586345,1.0376745
S100a13,0.9783029,0.89159274,1.0217234,0.9005725,0.9129577,1.0216973
Ear10,0.9467566,1.0448886,0.97634965,0.9996951,1.0003048,0.96264946
D17H6S56E-5,0.98419076,0.9874388,0.9625684,1.0320125,1.0125612,0.9366781
Car2,0.87724245,1.0396541,0.96034586,0.6093539,1.1264931,0.65099037
Cd79a,1.1029968,0.53822666,0.7945607,1.1761136,0.7604833,0.89700323
Fcrla,1.0375788,0.69053,0.8605925,1.1837548,0.9624211,0.8290081
H2-Eb1,1.0735874,0.7252736,0.9264127,1.3030121,0.815027,0.9148568
H2-Oa,1.033715,0.7095672,0.966285,1.2133913,0.77591383,0.79217046
Rpl30,1.0513988,0.6843323,0.6856433,1.0090448,0.8844974,0.9909553
Tomm22,1.0434968,0.9738807,0.9270944,0.9471062,0.9826876,1.0173124
Atp6v1d,0.9150069,0.8206405,0.875931,0.9824881,1.0175118,1.0371305
H2-T23,1.1315777,0.78473514,0.86842227,1.1941148,0.8614399,0.84288305
Atf4,1.0539453,0.90874004,0.9601046,0.90505534,1.0336862,0.9663139
Rad23a,0.95697016,0.9632105,1.0367894,0.80381316,1.052483,0.80645955
Cd79b,1.0882276,0.6536144,0.9117723,1.1175835,0.76371264,0.8697137
Capg,1.0178941,0.9260591,0.84459573,0.982106,0.9092942,1.1753496
Ccndbp1,0.8473999,0.990617,1.0093831,0.72998244,1.0497143,0.93991387
Ctsc,0.97395205,0.97170436,0.9642467,0.9850629,1.0149372,1.02387
Siat9,0.896065,1.1039351,0.8589271,0.74121857,1.3930169,0.7369
Apoe,1.0319057,0.9680944,0.9262188,0.9520373,0.9333221,1.1747981
Vpreb3,1.0802414,0.72663504,0.86538553,1.0456384,0.95436156,0.8736637
Rad23a,0.97941816,1.0205818,1.1730566,0.7391051,0.8988335,0.86660564
Picalm,0.9444435,1.0036424,0.907666,0.9412116,0.9963577,1.2072533
Fcrla,1.0288594,0.8518583,0.90255237,1.0701913,0.9711407,0.860852
2510048K03Rik,1.0087676,0.92725414,0.8597634,0.9912324,0.94071114,1.070601
Trim59,1.0068886,0.99311143,0.96724737,0.9682521,0.97049505,1.0324217
Tmem14c,1.0403641,0.95366263,1.1275858,0.9272575,0.95963603,0.9335623
Rpl29,0.8916908,0.653831,0.952676,1.0105344,0.98946553,1.2221847
Gvin1,0.9694421,0.7552645,0.746774,0.9607607,1.030558,1.2662328
AI661311,0.88658684,0.95046043,0.87853646,1.0995678,0.9290948,1.0495397
2010323F13Rik,1.0483891,0.8811239,0.9516111,0.78116024,0.79911864,1.072831
Lat,1.0165845,0.9113635,0.9722304,0.98326945,1.1292398,0.9834155
Ift140,0.8946776,0.85659885,0.8482322,0.9818971,1.0612048,1.018103
G1p2,0.85899115,0.8607499,1.2245792,0.6250093,0.9211051,1.0788949
EG630499,1.0574251,0.8400497,0.998438,1.0015621,0.87985724,0.8392049
H2-Q7,1.1034796,0.79588175,0.8663936,1.003386,0.99661404,0.99649006
Rad23a,0.8231147,1.2649293,1.096408,0.6231181,0.9035919,0.6472689
5230400G24Rik,0.9675894,0.9907695,0.98174465,1.0092306,1.016279,0.9899676
Prdx2,0.94855124,1.0012954,0.9888919,1.0567346,0.98672557,0.99870455
Ctsc,0.9814619,0.90642655,0.9212272,1.0185382,0.93113637,1.0462383
Cd8b,1.0178634,0.8002772,0.83784795,0.9821366,0.9299542,1.0196869
Ly6c,1.0327747,0.8229983,0.8694215,0.8958279,0.9672253,1.9945682
Ly6e,1.0525005,0.6763705,0.7791811,0.9474995,0.7663531,1.3107715
Sri,0.96105343,0.9253486,0.9071406,0.9840257,1.0159743,1.0563182
Fgfr1op2,0.9532995,0.902963,0.8519326,0.9379436,1.1653872,1.0467005
H2-Ob,1.063497,0.8294363,0.89802194,1.0886295,0.9160544,0.93650293
H2-T17,0.9806172,0.93347704,0.9684129,1.0239241,1.019383,0.97303236
Prdx2,0.9622386,1.0123922,0.98760784,0.7653451,1.1214964,0.91800505
Irf7,0.98841596,0.92947197,1.0115842,0.8839162,0.91801554,1.0700624
Rpl29,0.98619646,0.9657273,1.0138035,0.9735364,1.1295418,0.9295063
Tmem14c,0.9377324,1.0040386,0.9904856,0.99596155,1.0137671,0.9289067
Ly6d,1.0258687,0.89051455,0.95222646,1.0085033,0.97710085,0.99149674
Ly6d,0.98675597,0.813127,0.8727197,1.0132439,0.96955436,1.0622697
H2-T23,0.9969766,0.99822205,0.98139447,1.0017779,1.0100154,0.9772561
Bzrpl1,0.9675407,0.93830085,1.024925,0.7654789,1.1545413,0.97507507
H2-Aa,1.0214599,0.8985603,0.9495297,1.0004853,0.9661898,0.9995145
Fcer1g,0.9762047,1.0330228,0.97979456,1.0020846,0.9979153,0.94109756
H2-Ab1,1.0256168,0.93314177,0.89344263,1.0476468,0.96515226,0.97438335